Next Mission Allowance,05/13/2021 08:00:00,05/13/2021 15:27:16,05/14/2021 22:44:18,05/15/2021 20:03:31,05/16/2021 22:10:53,05/18/2021 06:41:20,06/06/2021 11:18:18,06/08/2021 17:10:01,06/12/2021 11:02:36
Custom Deliveries,05/13/2021 08:33:11,05/18/2021 08:20:28,06/08/2021 17:29:38
Beast Tribe Quest Reset,05/13/2021 08:33:18,05/13/2021 08:34:58,05/13/2021 14:42:52,05/14/2021 23:21:52,05/15/2021 13:52:11,05/16/2021 22:34:07,05/17/2021 13:50:49,05/18/2021 22:35:37,05/19/2021 12:03:49,05/29/2021 17:14:56,06/06/2021 11:27:25,06/11/2021 19:09:15,06/12/2021 11:13:07,06/13/2021 11:20:39,06/14/2021 18:08:02,06/19/2021 17:38:10
Fashion Report,05/14/2021 23:23:23,05/29/2021 16:29:52,06/06/2021 11:20:20,06/11/2021 19:03:19,06/19/2021 17:38:12
Mini Cactpot,05/13/2021 09:39:38,05/13/2021 10:22:10,05/14/2021 23:23:24,05/15/2021 13:44:37,05/16/2021 22:24:19,05/17/2021 13:52:19,05/18/2021 13:34:57,05/29/2021 16:29:50,05/30/2021 11:07:21,06/06/2021 11:19:36,06/08/2021 17:31:19,06/11/2021 19:03:22,06/12/2021 11:06:05,06/13/2021 11:23:18,06/14/2021 18:10:51,06/19/2021 17:38:14
Jumbo Cactpot,05/13/2021 10:25:25
Raid,05/13/2021 10:21:03,05/29/2021 16:30:24,06/06/2021 14:55:01,06/12/2021 12:24:26
Expert Dungeons,05/13/2021 09:39:44
Level 80 Dungeons
Level 50/60/70 Dungeons,05/13/2021 15:47:46,05/15/2021 14:08:40
Leveling Dungeons,05/13/2021 09:39:45,05/13/2021 16:24:05,05/15/2021 14:29:46
Trial Dungeons,05/15/2021 14:29:39
Wonderous Tales,05/13/2021 09:39:45
ARR Daily Hunts,05/13/2021 16:42:35
ARR Weekly Hunts
HW Daily Hunts
HW Weekly Hunts
StB Daily Hunts
StB Weekly Hunts
ShB Daily Hunts
ShB Weekly Hunts
Verminmion 5 matches,05/15/2021 21:14:43,05/18/2021 14:06:10,05/29/2021 16:56:23,06/06/2021 11:21:53,06/11/2021 19:36:51
